Unix Timestamp,Date,Close,Volume
1633996800000,2021-10-12 00:00:00,56940,60.4034755517
1634000400000,2021-10-12 01:00:00,57077.78,59.3271224893
1634004000000,2021-10-12 02:00:00,56777.3,75.6142180937
1634007600000,2021-10-12 03:00:00,56710,42.3976253547
1634011200000,2021-10-12 04:00:00,57001.53,16.0958437787
1634014800000,2021-10-12 05:00:00,57422.35,54.3556301007
1634018400000,2021-10-12 06:00:00,57249.44,49.9398315479
1634022000000,2021-10-12 07:00:00,57374.29,12.0959467522
1634025600000,2021-10-12 08:00:00,57501.8,22.1716024133
1634029200000,2021-10-12 09:00:00,56946.22,37.2347513321
1634032800000,2021-10-12 10:00:00,57205.3,35.0355911205
1634036400000,2021-10-12 11:00:00,57275.68,19.6632098852
1634040000000,2021-10-12 12:00:00,56893.65,50.9396789728
1634043600000,2021-10-12 13:00:00,56950.63,145.1486880344
1634047200000,2021-10-12 14:00:00,56399.12,135.9826195628
1634050800000,2021-10-12 15:00:00,56278.34,135.4062033261
1634054400000,2021-10-12 16:00:00,55881.37,104.927800362
1634058000000,2021-10-12 17:00:00,55914.92,118.0878946401
1634061600000,2021-10-12 18:00:00,55560,48.8108161634
1634065200000,2021-10-12 19:00:00,55313.02,132.6996460506
1634068800000,2021-10-12 20:00:00,55376.8,285.0413805315
1634072400000,2021-10-12 21:00:00,56067.93,65.4924668255
1634076000000,2021-10-12 22:00:00,56409.77,51.835722485
1634079600000,2021-10-12 23:00:00,56019.08,53.4033012216
1634083200000,2021-10-13 00:00:00,56466.39,54.9565471861
1634086800000,2021-10-13 01:00:00,56278.4,26.3056630425
1634090400000,2021-10-13 02:00:00,56419.78,42.045936332
1634094000000,2021-10-13 03:00:00,56289.06,16.2403421668
1634097600000,2021-10-13 04:00:00,56095.27,17.8933674832
1634101200000,2021-10-13 05:00:00,55005.53,69.3779061682
1634104800000,2021-10-13 06:00:00,55364.46,68.8379387488
1634108400000,2021-10-13 07:00:00,54649.62,32.0333877263
1634112000000,2021-10-13 08:00:00,54618.76,46.9129236718
1634115600000,2021-10-13 09:00:00,54879.32,24.4808182877
1634119200000,2021-10-13 10:00:00,54635.41,43.1217637204
1634122800000,2021-10-13 11:00:00,55215.85,30.5304722995
1634126400000,2021-10-13 12:00:00,55055.61,51.369940054
1634130000000,2021-10-13 13:00:00,54913.59,41.8110126653
1634133600000,2021-10-13 14:00:00,55797.82,127.534500173
1634137200000,2021-10-13 15:00:00,56167.12,102.3901564497
1634140800000,2021-10-13 16:00:00,56934.93,141.0378610259
1634144400000,2021-10-13 17:00:00,56878.08,77.1185749459
1634148000000,2021-10-13 18:00:00,56975,74.8906996156
1634151600000,2021-10-13 19:00:00,57286.81,75.1696914174
1634155200000,2021-10-13 20:00:00,57000.71,78.1969060522
1634158800000,2021-10-13 21:00:00,57523.42,63.9687944503
1634162400000,2021-10-13 22:00:00,57393.68,41.2740741824
1634166000000,2021-10-13 23:00:00,57382.21,35.2683420481
1634169600000,2021-10-14 00:00:00,57728.55,55.6333143111
1634173200000,2021-10-14 01:00:00,58326.74,162.3549371946
1634176800000,2021-10-14 02:00:00,58234.5,84.8194493491
1634180400000,2021-10-14 03:00:00,58073.82,28.6683613007
1634184000000,2021-10-14 04:00:00,57969.85,51.9535296965
1634187600000,2021-10-14 05:00:00,57990.65,7.8859879737
1634191200000,2021-10-14 06:00:00,57665.87,26.7923988739
1634194800000,2021-10-14 07:00:00,57376.2,25.4466844438
1634198400000,2021-10-14 08:00:00,57480.3,23.24915427
1634202000000,2021-10-14 09:00:00,57450.98,24.7814517016
1634205600000,2021-10-14 10:00:00,57666.02,13.010741492
1634209200000,2021-10-14 11:00:00,57623,29.5432551382
1634212800000,2021-10-14 12:00:00,57569.55,57.1116571531
1634216400000,2021-10-14 13:00:00,57406.38,51.3380209224
1634220000000,2021-10-14 14:00:00,57418.14,45.8825744799
1634223600000,2021-10-14 15:00:00,57341.2,82.9440940748
1634227200000,2021-10-14 16:00:00,57138.76,59.5719382923
1634230800000,2021-10-14 17:00:00,57194.2,33.0453459074
1634234400000,2021-10-14 18:00:00,58035.97,88.9353068832
1634238000000,2021-10-14 19:00:00,57875.33,122.2935462608
1634241600000,2021-10-14 20:00:00,57454.02,43.017276176
1634245200000,2021-10-14 21:00:00,57748.14,26.5427933937
1634248800000,2021-10-14 22:00:00,57609.51,15.0126923814
1634252400000,2021-10-14 23:00:00,57319,27.8447629481
1634256000000,2021-10-15 00:00:00,57035.74,12.3974481809
1634259600000,2021-10-15 01:00:00,57292.57,25.1066367478
1634263200000,2021-10-15 02:00:00,59141.03,194.0456543781
1634266800000,2021-10-15 03:00:00,59407.55,78.5581628622
1634270400000,2021-10-15 04:00:00,59592.29,84.8755600841
1634274000000,2021-10-15 05:00:00,59544.1,97.4415157539
1634277600000,2021-10-15 06:00:00,59676.58,30.1564877477
1634281200000,2021-10-15 07:00:00,59240.06,29.6712307839
1634284800000,2021-10-15 08:00:00,58943.37,79.8526515769
1634288400000,2021-10-15 09:00:00,59363.66,25.1407503016
1634292000000,2021-10-15 10:00:00,59294,40.409569875
1634295600000,2021-10-15 11:00:00,59556.71,46.4156413253
1634299200000,2021-10-15 12:00:00,59279.69,118.7126041163
1634302800000,2021-10-15 13:00:00,59935.86,206.9133360162
1634306400000,2021-10-15 14:00:00,60066.51,224.0391215644
1634310000000,2021-10-15 15:00:00,60016.9,183.6972439573
1634313600000,2021-10-15 16:00:00,61438.8,433.1255607742
1634317200000,2021-10-15 17:00:00,61739.75,195.175336417
1634320800000,2021-10-15 18:00:00,61650,145.0541568581
1634324400000,2021-10-15 19:00:00,61451.9,121.7724078597
1634328000000,2021-10-15 20:00:00,62537.09,580.1083439422
1634331600000,2021-10-15 21:00:00,61221.4,139.9020827081
1634335200000,2021-10-15 22:00:00,61308.34,62.0366665968
1634338800000,2021-10-15 23:00:00,61665.41,73.6768234082
1634342400000,2021-10-16 00:00:00,61458.95,37.2515190557
1634346000000,2021-10-16 01:00:00,61397.36,56.2609518375
1634349600000,2021-10-16 02:00:00,61655.8,25.9952678857
1634353200000,2021-10-16 03:00:00,61624.84,31.7747703621
1634356800000,2021-10-16 04:00:00,61733.67,48.3849940546
1634360400000,2021-10-16 05:00:00,62140.3,36.603144324
1634364000000,2021-10-16 06:00:00,61874.08,21.9453294293
1634367600000,2021-10-16 07:00:00,61703.88,22.1067658051
1634371200000,2021-10-16 08:00:00,61542.76,45.8639175599
1634374800000,2021-10-16 09:00:00,61420.44,43.9042998715
1634378400000,2021-10-16 10:00:00,61520.59,32.815594294
1634382000000,2021-10-16 11:00:00,61622.48,35.4600926723
1634385600000,2021-10-16 12:00:00,60709.69,87.8274553368
1634389200000,2021-10-16 13:00:00,61021.97,45.732174464
1634392800000,2021-10-16 14:00:00,60943.89,44.7107134706
1634396400000,2021-10-16 15:00:00,60951.72,32.9512754209
1634400000000,2021-10-16 16:00:00,60652.57,17.1538649006
1634403600000,2021-10-16 17:00:00,60583.36,54.2196049525
1634407200000,2021-10-16 18:00:00,61026.08,76.7188274387
1634410800000,2021-10-16 19:00:00,60856.39,40.0426733761
1634414400000,2021-10-16 20:00:00,60979.15,36.1882818942
1634418000000,2021-10-16 21:00:00,60690.92,34.2346041686
1634421600000,2021-10-16 22:00:00,60813.77,9.6905077638
1634425200000,2021-10-16 23:00:00,60864.75,9.485492553
1634428800000,2021-10-17 00:00:00,60944.38,22.3203848147
1634432400000,2021-10-17 01:00:00,61097.83,16.4553353835
1634436000000,2021-10-17 02:00:00,61101.95,29.785615888
1634439600000,2021-10-17 03:00:00,61144.42,19.9647710342
1634443200000,2021-10-17 04:00:00,60915.46,19.3292148232
1634446800000,2021-10-17 05:00:00,60648.14,7.5179029047
1634450400000,2021-10-17 06:00:00,60691.25,10.7403465245
1634454000000,2021-10-17 07:00:00,60341.39,25.2820697416
1634457600000,2021-10-17 08:00:00,60687.06,11.5901520719
1634461200000,2021-10-17 09:00:00,61195.79,18.5243260972
1634464800000,2021-10-17 10:00:00,61155,10.1108512809
1634468400000,2021-10-17 11:00:00,60956.89,7.9092796213
1634472000000,2021-10-17 12:00:00,60855.47,16.1139374849
1634475600000,2021-10-17 13:00:00,61004.47,30.8460160427
1634479200000,2021-10-17 14:00:00,61056.31,17.4738426469
1634482800000,2021-10-17 15:00:00,60759.03,25.4404450122
1634486400000,2021-10-17 16:00:00,60971.81,17.3341221185
1634490000000,2021-10-17 17:00:00,61032.53,12.1172434353
1634493600000,2021-10-17 18:00:00,60983.6,6.9147658112
1634497200000,2021-10-17 19:00:00,60525.27,22.0376479001
1634500800000,2021-10-17 20:00:00,59419.77,257.9954186891
1634504400000,2021-10-17 21:00:00,60609.17,51.1576993737
1634508000000,2021-10-17 22:00:00,61307.18,91.1439394047
1634511600000,2021-10-17 23:00:00,61536.09,58.1916853683
1634515200000,2021-10-18 00:00:00,62436.92,59.2679014778
1634518800000,2021-10-18 01:00:00,62089.61,99.1588941686
1634522400000,2021-10-18 02:00:00,62120.28,33.012591333
1634526000000,2021-10-18 03:00:00,62100,20.2996451353
1634529600000,2021-10-18 04:00:00,62366.84,16.5485359808
1634533200000,2021-10-18 05:00:00,62353.51,12.6836752272
1634536800000,2021-10-18 06:00:00,62242,17.6716200705
1634540400000,2021-10-18 07:00:00,61881.13,69.7831320239
1634544000000,2021-10-18 08:00:00,61781.76,72.8996025364
1634547600000,2021-10-18 09:00:00,61199.79,74.635693695
1634551200000,2021-10-18 10:00:00,61308.8,54.7320844018
1634554800000,2021-10-18 11:00:00,60880.63,39.0983683352
1634558400000,2021-10-18 12:00:00,60626.85,96.696362722
1634562000000,2021-10-18 13:00:00,61857.64,336.9813300752
1634565600000,2021-10-18 14:00:00,62129.44,135.2342808725
1634569200000,2021-10-18 15:00:00,62021.65,276.8405224821
1634572800000,2021-10-18 16:00:00,61849,284.3276216035
1634576400000,2021-10-18 17:00:00,61754.66,158.6305955362
1634580000000,2021-10-18 18:00:00,61847.2,164.5320745502
1634583600000,2021-10-18 19:00:00,61446.83,250.054893733
1634587200000,2021-10-18 20:00:00,61380.84,114.3928625549
1634590800000,2021-10-18 21:00:00,61803.02,75.2885508844
1634594400000,2021-10-18 22:00:00,62078.14,97.7603301062
1634598000000,2021-10-18 23:00:00,62080.22,71.2276253236
1634601600000,2021-10-19 00:00:00,61869.93,34.770138041
1634605200000,2021-10-19 01:00:00,61772.48,32.7736071033
1634608800000,2021-10-19 02:00:00,61763,21.6812362663
1634612400000,2021-10-19 03:00:00,62600,122.2899079172
1634616000000,2021-10-19 04:00:00,62428.05,31.6107991884
1634619600000,2021-10-19 05:00:00,62478.6,17.4529836851
1634623200000,2021-10-19 06:00:00,62174.63,14.8802097926
1634626800000,2021-10-19 07:00:00,62304.5,18.2074067144
1634630400000,2021-10-19 08:00:00,62517.02,33.6039033747
1634634000000,2021-10-19 09:00:00,62136.31,13.869891841
1634637600000,2021-10-19 10:00:00,62265.73,31.1209151449
1634641200000,2021-10-19 11:00:00,62157.21,29.8699567568
1634644800000,2021-10-19 12:00:00,62233.3,42.635258739
1634648400000,2021-10-19 13:00:00,62607.74,273.6965059106
1634652000000,2021-10-19 14:00:00,62525.15,198.9347672695
1634655600000,2021-10-19 15:00:00,62408.74,93.0346683954
1634659200000,2021-10-19 16:00:00,63188.49,99.9583386463
1634662800000,2021-10-19 17:00:00,63417.41,186.9648256431
1634666400000,2021-10-19 18:00:00,63450.48,117.2305545624
1634670000000,2021-10-19 19:00:00,64202.81,144.1169489894
1634673600000,2021-10-19 20:00:00,64096.73,142.4112145435
1634677200000,2021-10-19 21:00:00,64096,94.4657394465
1634680800000,2021-10-19 22:00:00,64143.47,67.7997181016
1634684400000,2021-10-19 23:00:00,64291.8,123.6366364598
1634688000000,2021-10-20 00:00:00,64081.34,43.20248871
1634691600000,2021-10-20 01:00:00,63841.07,48.6469403367
1634695200000,2021-10-20 02:00:00,63813.02,24.649969779
1634698800000,2021-10-20 03:00:00,63870.2,22.1466660357
1634702400000,2021-10-20 04:00:00,64060.23,19.9739387935
1634706000000,2021-10-20 05:00:00,63788.3,21.9686162618
1634709600000,2021-10-20 06:00:00,63830.76,55.747752306
1634713200000,2021-10-20 07:00:00,64009.77,17.405294329
1634716800000,2021-10-20 08:00:00,64055.52,20.5547709766
1634720400000,2021-10-20 09:00:00,64017.96,21.7700584568
1634724000000,2021-10-20 10:00:00,63872.05,28.6863040675
1634727600000,2021-10-20 11:00:00,63816.19,17.4823103577
1634731200000,2021-10-20 12:00:00,64399.02,68.9785316009
1634734800000,2021-10-20 13:00:00,66068.25,919.4065667768
1634738400000,2021-10-20 14:00:00,66697.48,283.7280938282
1634742000000,2021-10-20 15:00:00,66892.38,188.1733506499
1634745600000,2021-10-20 16:00:00,66492.62,179.6188228474
1634749200000,2021-10-20 17:00:00,66382.35,122.9832321246
1634752800000,2021-10-20 18:00:00,66697.59,91.2209701591
1634756400000,2021-10-20 19:00:00,66407.08,147.618083436
1634760000000,2021-10-20 20:00:00,65986,98.5187627039
1634763600000,2021-10-20 21:00:00,65826.67,42.8802562444
1634767200000,2021-10-20 22:00:00,65911.45,38.6340636628
1634770800000,2021-10-20 23:00:00,66039.76,45.4863158126
1634774400000,2021-10-21 00:00:00,65625.25,56.188161357
1634778000000,2021-10-21 01:00:00,64983.18,124.5998532526
1634781600000,2021-10-21 02:00:00,64960.93,166.4275489935
1634785200000,2021-10-21 03:00:00,65077.99,57.4613744436
1634788800000,2021-10-21 04:00:00,65071.59,28.2836165425
1634792400000,2021-10-21 05:00:00,64851.76,40.3549399739
1634796000000,2021-10-21 06:00:00,64676.84,67.4544479615
1634799600000,2021-10-21 07:00:00,65116.8,43.5719663817
1634803200000,2021-10-21 08:00:00,65903.87,88.9997016439
1634806800000,2021-10-21 09:00:00,66197.8,66.5652907151
1634810400000,2021-10-21 10:00:00,65626.12,33.7473526623
1634814000000,2021-10-21 11:00:00,64798.62,560.4700500065
1634817600000,2021-10-21 12:00:00,65067.38,174.0825191875
1634821200000,2021-10-21 13:00:00,64780.59,81.5477703483
1634824800000,2021-10-21 14:00:00,63648.2,290.1691934647
1634828400000,2021-10-21 15:00:00,62998.52,296.6005438045
1634832000000,2021-10-21 16:00:00,62823.6,155.5913372073
1634835600000,2021-10-21 17:00:00,62486.5,183.7452796874
1634839200000,2021-10-21 18:00:00,62742.66,135.8586799012
1634842800000,2021-10-21 19:00:00,62850.01,165.2439233964
1634846400000,2021-10-21 20:00:00,62676.95,65.6014075312
1634850000000,2021-10-21 21:00:00,62768.05,49.6327433344
1634853600000,2021-10-21 22:00:00,62459.25,23.642032103
1634857200000,2021-10-21 23:00:00,62218.56,48.7857414525
1634860800000,2021-10-22 00:00:00,62812.7,129.2494008533
1634864400000,2021-10-22 01:00:00,62606.79,56.6445046398
1634868000000,2021-10-22 02:00:00,62846.02,38.5608796393
1634871600000,2021-10-22 03:00:00,63243.4,84.3314159848
1634875200000,2021-10-22 04:00:00,63077.97,25.3560175282
1634878800000,2021-10-22 05:00:00,63038.05,26.8818299216
1634882400000,2021-10-22 06:00:00,62733,12.4472749983
1634886000000,2021-10-22 07:00:00,63424.17,208.0005088542
1634889600000,2021-10-22 08:00:00,63573.57,26.2497731212
1634893200000,2021-10-22 09:00:00,63316.03,24.0989899132
1634896800000,2021-10-22 10:00:00,63207.13,4.9969206957
1634900400000,2021-10-22 11:00:00,63399.15,34.1415842304
1634904000000,2021-10-22 12:00:00,63653.19,51.472770133
1634907600000,2021-10-22 13:00:00,62396.37,124.3630929695
1634911200000,2021-10-22 14:00:00,61547.05,269.8856016135
1634914800000,2021-10-22 15:00:00,60662.5,170.6007421221
1634918400000,2021-10-22 16:00:00,61179.98,171.8272084013
1634922000000,2021-10-22 17:00:00,60558.18,150.7512003109
1634925600000,2021-10-22 18:00:00,60619.72,57.5330921275
1634929200000,2021-10-22 19:00:00,61022.61,77.4497071488
1634932800000,2021-10-22 20:00:00,60706.46,45.0231153107
1634936400000,2021-10-22 21:00:00,60401.24,30.7895390799
1634940000000,2021-10-22 22:00:00,60628.97,24.1321585833
1634943600000,2021-10-22 23:00:00,60695.95,28.2559913848
1634947200000,2021-10-23 00:00:00,61157.16,33.9749348472
1634950800000,2021-10-23 01:00:00,61041.78,27.1772316762
1634954400000,2021-10-23 02:00:00,61129.35,18.7224428804
1634958000000,2021-10-23 03:00:00,61234.9,8.8535631903
1634961600000,2021-10-23 04:00:00,61166.09,20.1854912685
1634965200000,2021-10-23 05:00:00,60980.65,13.3108353339
1634968800000,2021-10-23 06:00:00,61030.51,5.6387037505
1634972400000,2021-10-23 07:00:00,60870.76,12.1773481152
1634976000000,2021-10-23 08:00:00,61072.6,4.0675977028
1634979600000,2021-10-23 09:00:00,60673.48,18.0587482254
1634983200000,2021-10-23 10:00:00,60126.74,11.179417165
1634986800000,2021-10-23 11:00:00,61541.94,93.0508959242
1634990400000,2021-10-23 12:00:00,61538.65,31.0459755421
1634994000000,2021-10-23 13:00:00,61340.97,33.3081287241
1634997600000,2021-10-23 14:00:00,61043.95,49.3255694305
1635001200000,2021-10-23 15:00:00,61430.72,25.9595993458
1635004800000,2021-10-23 16:00:00,61152,28.4210606358
1635008400000,2021-10-23 17:00:00,61242.66,27.6311725041
1635012000000,2021-10-23 18:00:00,61306.82,11.5808258833
1635015600000,2021-10-23 19:00:00,61028.85,13.4860382914
1635019200000,2021-10-23 20:00:00,61121.22,28.0425975422
1635022800000,2021-10-23 21:00:00,61036.2,9.8227967088
1635026400000,2021-10-23 22:00:00,61036.45,31.6948663048
1635030000000,2021-10-23 23:00:00,61330.55,11.3742889487
1635033600000,2021-10-24 00:00:00,61116.3,11.9864611517
1635037200000,2021-10-24 01:00:00,61011.81,9.0811995509
1635040800000,2021-10-24 02:00:00,61197.65,16.8026157945
1635044400000,2021-10-24 03:00:00,61226,26.4521154377
1635048000000,2021-10-24 04:00:00,61000.4,9.1598543548
1635051600000,2021-10-24 05:00:00,60914.97,6.346692451
1635055200000,2021-10-24 06:00:00,60703.76,8.1361161514
1635058800000,2021-10-24 07:00:00,60704.6,12.6946619101
1635062400000,2021-10-24 08:00:00,60531.83,8.449283697
1635066000000,2021-10-24 09:00:00,60807.4,14.9222106496
1635069600000,2021-10-24 10:00:00,60962.3,2.1885129648
1635073200000,2021-10-24 11:00:00,60297.88,20.5203430534
1635076800000,2021-10-24 12:00:00,60398.2,113.5723831214
1635080400000,2021-10-24 13:00:00,60538.17,21.2186731124
1635084000000,2021-10-24 14:00:00,60099.03,24.7221971676
1635087600000,2021-10-24 15:00:00,59878.81,107.3744869958
1635091200000,2021-10-24 16:00:00,60338.57,53.2450033471
1635094800000,2021-10-24 17:00:00,60320.16,37.2207130616
1635098400000,2021-10-24 18:00:00,60100.36,83.5778212659
1635102000000,2021-10-24 19:00:00,60677.73,37.0658641424
1635105600000,2021-10-24 20:00:00,61140.63,71.0863603578
1635109200000,2021-10-24 21:00:00,60985.23,57.107386934
1635112800000,2021-10-24 22:00:00,60911.92,16.4942706807
1635116400000,2021-10-24 23:00:00,60854.05,19.3440259377
1635120000000,2021-10-25 00:00:00,61801.04,64.2099419326
1635123600000,2021-10-25 01:00:00,61746.09,22.4715511171
1635127200000,2021-10-25 02:00:00,61926.7,12.6275833277
1635130800000,2021-10-25 03:00:00,62091.93,24.94404198
1635134400000,2021-10-25 04:00:00,62063.24,9.9073684217
1635138000000,2021-10-25 05:00:00,61858.77,12.8704763528
1635141600000,2021-10-25 06:00:00,62023.55,10.4873892058
1635145200000,2021-10-25 07:00:00,62658.47,33.2824160409
1635148800000,2021-10-25 08:00:00,62725.68,20.7785414956
1635152400000,2021-10-25 09:00:00,62743.52,15.5806724247
1635156000000,2021-10-25 10:00:00,62779.34,12.0289796684
1635159600000,2021-10-25 11:00:00,62771.5,70.3814259188
1635163200000,2021-10-25 12:00:00,62738.81,31.4864984067
1635166800000,2021-10-25 13:00:00,63252.46,144.5041372862
1635170400000,2021-10-25 14:00:00,63333.09,175.137146825
1635174000000,2021-10-25 15:00:00,63611.1,184.6287301262
1635177600000,2021-10-25 16:00:00,63620,81.4248429526
1635181200000,2021-10-25 17:00:00,63056.71,149.7450656749
1635184800000,2021-10-25 18:00:00,63124,161.7660726404
1635188400000,2021-10-25 19:00:00,62688.04,64.4677021201
1635192000000,2021-10-25 20:00:00,62539.12,45.320887981
1635195600000,2021-10-25 21:00:00,62821,89.2782446242
1635199200000,2021-10-25 22:00:00,63022.04,30.9945512081
1635202800000,2021-10-25 23:00:00,63084.81,15.3647906642
1635206400000,2021-10-26 00:00:00,63090.08,23.2181966498
1635210000000,2021-10-26 01:00:00,62706.12,29.1578305774
1635213600000,2021-10-26 02:00:00,62742.21,28.7692293681
1635217200000,2021-10-26 03:00:00,62765.47,36.5076895827
1635220800000,2021-10-26 04:00:00,62479.4,45.9783534917
1635224400000,2021-10-26 05:00:00,62398.57,12.2989390394
1635228000000,2021-10-26 06:00:00,62381.63,13.8249512075
1635231600000,2021-10-26 07:00:00,62452.77,5.0751209867
1635235200000,2021-10-26 08:00:00,62833,35.3926462473
1635238800000,2021-10-26 09:00:00,62664.17,34.761741257
1635242400000,2021-10-26 10:00:00,62999.5,15.5636466029
1635246000000,2021-10-26 11:00:00,62764.07,14.3145193922
1635249600000,2021-10-26 12:00:00,62507.57,15.6379675996
1635253200000,2021-10-26 13:00:00,62198.07,52.996588235
1635256800000,2021-10-26 14:00:00,61933.05,73.7673982672
1635260400000,2021-10-26 15:00:00,62524.63,91.175494114
1635264000000,2021-10-26 16:00:00,62059.13,83.2411404187
1635267600000,2021-10-26 17:00:00,62478.35,32.4104780934
1635271200000,2021-10-26 18:00:00,62326.24,45.4078545011
1635274800000,2021-10-26 19:00:00,61976.81,73.6523262676
1635278400000,2021-10-26 20:00:00,62089.64,74.089862922
1635282000000,2021-10-26 21:00:00,60854.12,92.7836950866
1635285600000,2021-10-26 22:00:00,60260,267.3359629044
1635289200000,2021-10-26 23:00:00,60300.4,58.6325671694
1635292800000,2021-10-27 00:00:00,60688.45,30.1656478272
1635296400000,2021-10-27 01:00:00,60541.48,45.0490744568
1635300000000,2021-10-27 02:00:00,60438.91,47.2113472902
1635303600000,2021-10-27 03:00:00,60728,17.9458759723
1635307200000,2021-10-27 04:00:00,61189.6,84.3210801521
1635310800000,2021-10-27 05:00:00,60955.01,20.8401220813
1635314400000,2021-10-27 06:00:00,60721.71,19.7999038576
1635318000000,2021-10-27 07:00:00,59969.72,28.5611055132
1635321600000,2021-10-27 08:00:00,59232.7,470.6636994308
1635325200000,2021-10-27 09:00:00,58957.14,37.8143855869
1635328800000,2021-10-27 10:00:00,58966.83,85.4451073879
1635332400000,2021-10-27 11:00:00,58609.35,29.8267169141
1635336000000,2021-10-27 12:00:00,59060.77,83.394534395
1635339600000,2021-10-27 13:00:00,59077.37,64.6060056713
1635343200000,2021-10-27 14:00:00,59209.58,100.775444191
1635346800000,2021-10-27 15:00:00,58856.7,73.0877925131
1635350400000,2021-10-27 16:00:00,58916.13,86.3257633288
1635354000000,2021-10-27 17:00:00,58946.46,53.7251267257
1635357600000,2021-10-27 18:00:00,58774.8,47.1935642637
1635361200000,2021-10-27 19:00:00,59117.02,172.3985338657
1635364800000,2021-10-27 20:00:00,58926.3,93.8424633269
1635368400000,2021-10-27 21:00:00,58831.43,103.0184543546
1635372000000,2021-10-27 22:00:00,58797.11,40.1662468018
1635375600000,2021-10-27 23:00:00,58473.61,37.4635881411
1635379200000,2021-10-28 00:00:00,58321.99,36.604772043
1635382800000,2021-10-28 01:00:00,58962.13,21.5456415109
1635386400000,2021-10-28 02:00:00,58951.46,38.021547441
1635390000000,2021-10-28 03:00:00,58884.7,34.9973345296
1635393600000,2021-10-28 04:00:00,58835.32,23.1709036705
1635397200000,2021-10-28 05:00:00,59079.09,22.1935646228
1635400800000,2021-10-28 06:00:00,59064.11,58.2305215393
1635404400000,2021-10-28 07:00:00,59016.2,12.8277749602
1635408000000,2021-10-28 08:00:00,60555.8,62.0824900312
1635411600000,2021-10-28 09:00:00,61065.59,76.8936946772
1635415200000,2021-10-28 10:00:00,61065.53,33.7267634018
1635418800000,2021-10-28 11:00:00,61001.36,34.7530441032
1635422400000,2021-10-28 12:00:00,61150.61,55.2131937082
1635426000000,2021-10-28 13:00:00,61607.27,96.5861771176
1635429600000,2021-10-28 14:00:00,61567.37,40.2328631335
1635433200000,2021-10-28 15:00:00,61184.04,74.8112573876
1635436800000,2021-10-28 16:00:00,61193.48,30.6813391791
1635440400000,2021-10-28 17:00:00,61149.42,82.1512247868
1635444000000,2021-10-28 18:00:00,60164.67,1034.5119007871
1635447600000,2021-10-28 19:00:00,61315.7,109.8815456035
1635451200000,2021-10-28 20:00:00,61409.73,250.3148175602
1635454800000,2021-10-28 21:00:00,60722.94,90.1685814681
1635458400000,2021-10-28 22:00:00,60540.29,84.4294966253
1635462000000,2021-10-28 23:00:00,60602.63,138.0395802183
1635465600000,2021-10-29 00:00:00,61374.64,124.2416774407
1635469200000,2021-10-29 01:00:00,61418.89,150.2425119324
1635472800000,2021-10-29 02:00:00,61610.88,79.3515925569
1635476400000,2021-10-29 03:00:00,61706.36,25.055983564
1635480000000,2021-10-29 04:00:00,61561.82,14.3665084622
1635483600000,2021-10-29 05:00:00,60990.72,53.6571187661
1635487200000,2021-10-29 06:00:00,61410.68,24.7798130396
1635490800000,2021-10-29 07:00:00,60563.4,79.3115251401
1635494400000,2021-10-29 08:00:00,60932.17,37.8356252172
1635498000000,2021-10-29 09:00:00,60864.4,61.1828742319
1635501600000,2021-10-29 10:00:00,61047.9,16.0977518208
1635505200000,2021-10-29 11:00:00,60966.82,21.9687144052
1635508800000,2021-10-29 12:00:00,60982.98,50.4653809566
1635512400000,2021-10-29 13:00:00,61330.11,51.4230352505
1635516000000,2021-10-29 14:00:00,61255.89,390.6665890687
1635519600000,2021-10-29 15:00:00,62312.83,224.3548649572
1635523200000,2021-10-29 16:00:00,62598.28,158.7340099735
1635526800000,2021-10-29 17:00:00,62398.06,132.0752227274
1635530400000,2021-10-29 18:00:00,62070.24,72.1509718529
1635534000000,2021-10-29 19:00:00,62573.1,118.3877913499
1635537600000,2021-10-29 20:00:00,62392.38,62.2022609551
1635541200000,2021-10-29 21:00:00,62373.39,22.3788578934
1635544800000,2021-10-29 22:00:00,62317.81,24.9046757405
1635548400000,2021-10-29 23:00:00,62292.8,19.3165189247
1635552000000,2021-10-30 00:00:00,61932.94,27.6259173051
1635555600000,2021-10-30 01:00:00,62044.6,24.7514397544
1635559200000,2021-10-30 02:00:00,61896.59,25.1700365115
1635562800000,2021-10-30 03:00:00,61669.43,23.3216677092
1635566400000,2021-10-30 04:00:00,61489.89,51.0286833141
1635570000000,2021-10-30 05:00:00,61586.23,40.9430756816
1635573600000,2021-10-30 06:00:00,61796.96,13.9226291371
1635577200000,2021-10-30 07:00:00,61587.81,41.1594882288
1635580800000,2021-10-30 08:00:00,61324.85,14.4170952051
1635584400000,2021-10-30 09:00:00,61437.56,12.4602978323
1635588000000,2021-10-30 10:00:00,61803.63,14.729705428
1635591600000,2021-10-30 11:00:00,61612.62,13.3006170855
1635595200000,2021-10-30 12:00:00,61658.08,48.1420631635
1635598800000,2021-10-30 13:00:00,61596,44.8168609579
1635602400000,2021-10-30 14:00:00,61195.55,138.0744435754
1635606000000,2021-10-30 15:00:00,61392.7,70.7126593391
1635609600000,2021-10-30 16:00:00,61287.31,29.9534070811
1635613200000,2021-10-30 17:00:00,61439.54,46.6389771788
1635616800000,2021-10-30 18:00:00,61588.27,27.4114349668
1635620400000,2021-10-30 19:00:00,61753.71,28.1254489042
1635624000000,2021-10-30 20:00:00,61699.03,30.1018008858
1635627600000,2021-10-30 21:00:00,61613.08,3.02926491
1635631200000,2021-10-30 22:00:00,61577.09,13.4710544674
1635634800000,2021-10-30 23:00:00,61907.36,62.1419829303
1635638400000,2021-10-31 00:00:00,62394.96,61.7887451359
1635642000000,2021-10-31 01:00:00,62162.37,186.1024507441
1635645600000,2021-10-31 02:00:00,61791.6,101.0931158384
1635649200000,2021-10-31 03:00:00,61719.1,25.3704011328
1635652800000,2021-10-31 04:00:00,61449.36,11.2650689151
1635656400000,2021-10-31 05:00:00,61326.97,28.6321364081
1635660000000,2021-10-31 06:00:00,61337,23.1344703641
1635663600000,2021-10-31 07:00:00,61361.32,15.9820607058
1635667200000,2021-10-31 08:00:00,60795.62,38.5504696259
1635670800000,2021-10-31 09:00:00,60708.16,27.8195242239
1635674400000,2021-10-31 10:00:00,60824.13,45.2662062796
1635678000000,2021-10-31 11:00:00,60485.47,39.6161287664
1635681600000,2021-10-31 12:00:00,60328.34,83.1228148556
1635685200000,2021-10-31 13:00:00,60404.65,44.048011218
1635688800000,2021-10-31 14:00:00,60472.88,76.1703291519
1635692400000,2021-10-31 15:00:00,60534.24,24.4670358466
1635696000000,2021-10-31 16:00:00,60716.51,28.7582742692
1635699600000,2021-10-31 17:00:00,60695,56.0263789085
1635703200000,2021-10-31 18:00:00,60751.52,33.9796843818
1635706800000,2021-10-31 19:00:00,60739.26,44.2642774495
1635710400000,2021-10-31 20:00:00,60984.36,26.4830892722
1635714000000,2021-10-31 21:00:00,61460,60.4827728989
1635717600000,2021-10-31 22:00:00,61447.36,35.054334723
1635721200000,2021-10-31 23:00:00,61347.3,15.1969614166
1635724800000,2021-11-01 00:00:00,61618.72,18.0424679833
1635728400000,2021-11-01 01:00:00,61343.49,29.8134537103
1635732000000,2021-11-01 02:00:00,60588.43,99.4754931187
1635735600000,2021-11-01 03:00:00,59947.01,69.9989133307
1635739200000,2021-11-01 04:00:00,60554.92,84.0359202125
1635742800000,2021-11-01 05:00:00,60658.75,31.4585878876
1635746400000,2021-11-01 06:00:00,60763.71,15.7470895239
1635750000000,2021-11-01 07:00:00,62209,148.3076762759
1635753600000,2021-11-01 08:00:00,61947.03,40.8648920089
1635757200000,2021-11-01 09:00:00,62000,37.9624802446
1635760800000,2021-11-01 10:00:00,62304.41,33.5245382413
1635764400000,2021-11-01 11:00:00,61872.5,91.6507114253
1635768000000,2021-11-01 12:00:00,61896.36,78.3187269724
1635771600000,2021-11-01 13:00:00,61999.17,42.1126932528
1635775200000,2021-11-01 14:00:00,61491.78,48.1947547375
1635778800000,2021-11-01 15:00:00,61585.66,49.6267784584
1635782400000,2021-11-01 16:00:00,61053.16,63.2629661856
1635786000000,2021-11-01 17:00:00,60804.82,90.3195992971
1635789600000,2021-11-01 18:00:00,60594.15,54.0990642688
1635793200000,2021-11-01 19:00:00,61496.9,103.6454908736
1635796800000,2021-11-01 20:00:00,60739.94,65.6208854347
1635800400000,2021-11-01 21:00:00,60782.19,28.7362684892
1635804000000,2021-11-01 22:00:00,61134.96,24.8576192641
1635807600000,2021-11-01 23:00:00,60961.5,30.0705387188
1635811200000,2021-11-02 00:00:00,60989.47,55.313120781
1635814800000,2021-11-02 01:00:00,61388.74,172.596962849
1635818400000,2021-11-02 02:00:00,60961.39,44.9667585067
1635822000000,2021-11-02 03:00:00,61133.24,53.2629998675
1635825600000,2021-11-02 04:00:00,61467.23,55.3557177628
1635829200000,2021-11-02 05:00:00,61825.7,41.1047672175
1635832800000,2021-11-02 06:00:00,61811.53,24.8576859125
1635836400000,2021-11-02 07:00:00,61578.55,15.1185183334
1635840000000,2021-11-02 08:00:00,61610.81,29.9912595623
1635843600000,2021-11-02 09:00:00,63129.93,136.561286878
1635847200000,2021-11-02 10:00:00,63268.34,121.656640237
1635850800000,2021-11-02 11:00:00,62965.5,58.210392379
1635854400000,2021-11-02 12:00:00,63070.88,39.1355795539
1635858000000,2021-11-02 13:00:00,63445.03,60.0880915449
1635861600000,2021-11-02 14:00:00,63398.08,109.0443313279
1635865200000,2021-11-02 15:00:00,64058.55,136.1114675278
1635868800000,2021-11-02 16:00:00,63711.31,111.7223712409
1635872400000,2021-11-02 17:00:00,63499.9,84.7735213954
1635876000000,2021-11-02 18:00:00,63279.42,45.3739814204
1635879600000,2021-11-02 19:00:00,63630.67,85.9946432556
1635883200000,2021-11-02 20:00:00,63141.45,63.4010946279
1635886800000,2021-11-02 21:00:00,63054.53,100.7338821957
1635890400000,2021-11-02 22:00:00,62965.09,120.6122180466
1635894000000,2021-11-02 23:00:00,63258.2,128.3818901316
1635897600000,2021-11-03 00:00:00,63549.48,116.8763597321
1635901200000,2021-11-03 01:00:00,63202.05,41.5378664869
1635904800000,2021-11-03 02:00:00,63200.19,30.236821771
1635908400000,2021-11-03 03:00:00,63257.57,35.0233388902
1635912000000,2021-11-03 04:00:00,62816.66,18.0298456214
1635915600000,2021-11-03 05:00:00,63093.01,24.9167217897
1635919200000,2021-11-03 06:00:00,62889.86,5.6224711785
1635922800000,2021-11-03 07:00:00,63420.72,10.7605265702
1635926400000,2021-11-03 08:00:00,62987.96,18.1985289897
1635930000000,2021-11-03 09:00:00,63376.25,12.6544513869
1635933600000,2021-11-03 10:00:00,63177.54,39.803621558
1635937200000,2021-11-03 11:00:00,63165.69,15.6649946829
1635940800000,2021-11-03 12:00:00,62530.77,60.0011066007
1635944400000,2021-11-03 13:00:00,61874.88,106.393701657
1635948000000,2021-11-03 14:00:00,62013.01,63.8259359336
1635951600000,2021-11-03 15:00:00,62246.51,72.7106894968
1635955200000,2021-11-03 16:00:00,62162.06,57.0562293531
1635958800000,2021-11-03 17:00:00,62501.12,32.8409685596
1635962400000,2021-11-03 18:00:00,63170.58,585.9210942642
1635966000000,2021-11-03 19:00:00,62862.5,95.04789422
1635969600000,2021-11-03 20:00:00,62786.76,53.7450375198
1635973200000,2021-11-03 21:00:00,63134.12,31.7941286366
1635976800000,2021-11-03 22:00:00,62801.27,31.9723731155
1635980400000,2021-11-03 23:00:00,62939.34,24.9008091404
1635984000000,2021-11-04 00:00:00,62855.18,21.6265741897
1635987600000,2021-11-04 01:00:00,62366.97,32.013336474
1635991200000,2021-11-04 02:00:00,62586.2,14.4518689887
1635994800000,2021-11-04 03:00:00,62469.83,18.5340048658
1635998400000,2021-11-04 04:00:00,62717.08,23.755514321
1636002000000,2021-11-04 05:00:00,62401.76,11.0456848436
1636005600000,2021-11-04 06:00:00,62476.2,14.3029031265
1636009200000,2021-11-04 07:00:00,61900,51.0536137588
1636012800000,2021-11-04 08:00:00,61661.2,52.5183493173
1636016400000,2021-11-04 09:00:00,61841.23,39.702846727
1636020000000,2021-11-04 10:00:00,61952.48,49.7474167275
1636023600000,2021-11-04 11:00:00,61500,28.0980245213
1636027200000,2021-11-04 12:00:00,61922,26.5509518396
1636030800000,2021-11-04 13:00:00,62158.7,60.0031944014
1636034400000,2021-11-04 14:00:00,61825.14,55.1213045551
1636038000000,2021-11-04 15:00:00,61077.78,117.5671262141
1636041600000,2021-11-04 16:00:00,61211.3,83.8989934967
1636045200000,2021-11-04 17:00:00,60907.97,55.6193083457
1636048800000,2021-11-04 18:00:00,60770.51,69.4668935075
1636052400000,2021-11-04 19:00:00,61264.13,41.0026780553
1636056000000,2021-11-04 20:00:00,61388.71,31.6442725485
1636059600000,2021-11-04 21:00:00,61442.74,16.295978168
1636063200000,2021-11-04 22:00:00,61175.36,26.6509205163
1636066800000,2021-11-04 23:00:00,61452.63,40.9799972574
1636070400000,2021-11-05 00:00:00,60913.09,26.8993822142
1636074000000,2021-11-05 01:00:00,61808.94,42.7045589395
1636077600000,2021-11-05 02:00:00,61692.98,37.9084344998
1636081200000,2021-11-05 03:00:00,62249.6,33.2084671851
1636084800000,2021-11-05 04:00:00,62145.73,34.0747270601
1636088400000,2021-11-05 05:00:00,62228.47,27.2183455966
1636092000000,2021-11-05 06:00:00,62225.55,12.7890630648
1636095600000,2021-11-05 07:00:00,62193.35,22.5881265717
1636099200000,2021-11-05 08:00:00,62208.07,17.5236233869
1636102800000,2021-11-05 09:00:00,61743.63,55.6325635286
1636106400000,2021-11-05 10:00:00,61623,8.2489968937
1636110000000,2021-11-05 11:00:00,61309.05,41.4202721845
1636113600000,2021-11-05 12:00:00,61578.24,19.0262804776
1636117200000,2021-11-05 13:00:00,61831.63,42.8428340968
1636120800000,2021-11-05 14:00:00,61321.49,185.9532154797
1636124400000,2021-11-05 15:00:00,60837.67,87.5793641151
1636128000000,2021-11-05 16:00:00,60913.62,60.7635890818
1636131600000,2021-11-05 17:00:00,61013,73.3932125178
1636135200000,2021-11-05 18:00:00,61236.97,83.5415968596
1636138800000,2021-11-05 19:00:00,61160.12,50.1009222047
1636142400000,2021-11-05 20:00:00,60970.81,45.5952748911
1636146000000,2021-11-05 21:00:00,61109.36,21.6953312821
1636149600000,2021-11-05 22:00:00,61137.63,24.331851769
1636153200000,2021-11-05 23:00:00,61020.37,40.4868613888
1636156800000,2021-11-06 00:00:00,61245.85,26.3222676506
1636160400000,2021-11-06 01:00:00,61232.51,24.5735672921
1636164000000,2021-11-06 02:00:00,61039,20.884330627
1636167600000,2021-11-06 03:00:00,61172.03,17.3285095059
1636171200000,2021-11-06 04:00:00,61293.04,33.4697236298
1636174800000,2021-11-06 05:00:00,61501.55,15.4891288442
1636178400000,2021-11-06 06:00:00,61303.58,9.458642149
1636182000000,2021-11-06 07:00:00,60847.68,71.5634180966
1636185600000,2021-11-06 08:00:00,61051.43,55.449241433
1636189200000,2021-11-06 09:00:00,60985.72,4.6711978891
1636192800000,2021-11-06 10:00:00,60540.7,24.4582757526
1636196400000,2021-11-06 11:00:00,60393.49,64.5218280352
1636200000000,2021-11-06 12:00:00,60312.85,34.9662755895
1636203600000,2021-11-06 13:00:00,60595.93,62.1493500159
1636207200000,2021-11-06 14:00:00,60667.58,34.5155034218
1636210800000,2021-11-06 15:00:00,60719.73,20.957611732
1636214400000,2021-11-06 16:00:00,60667.81,27.0002979913
1636218000000,2021-11-06 17:00:00,60746.74,24.4960556201
1636221600000,2021-11-06 18:00:00,60796.05,10.9717530997
1636225200000,2021-11-06 19:00:00,61223.98,23.490248108
1636228800000,2021-11-06 20:00:00,61200.46,42.4797700948
1636232400000,2021-11-06 21:00:00,61462.72,18.1049843781
1636236000000,2021-11-06 22:00:00,61424.83,10.9731631637
1636239600000,2021-11-06 23:00:00,61557,6.1779135369
1636243200000,2021-11-07 00:00:00,61957.55,59.6332877359
1636246800000,2021-11-07 01:00:00,61901.1,74.5199491739
1636250400000,2021-11-07 02:00:00,61991.37,15.5525379936
1636254000000,2021-11-07 03:00:00,62199.69,13.3132215328
1636257600000,2021-11-07 04:00:00,62231.74,35.8387537345
1636261200000,2021-11-07 05:00:00,62003.2,18.8019546203
1636264800000,2021-11-07 06:00:00,61881.18,9.7703407791
1636268400000,2021-11-07 07:00:00,61820.41,16.3942413356
1636272000000,2021-11-07 08:00:00,61730.13,7.7089350101
1636275600000,2021-11-07 09:00:00,61988.05,20.7424440409
1636279200000,2021-11-07 10:00:00,61982.53,21.46262311
1636282800000,2021-11-07 11:00:00,61938.03,22.4791246798
1636286400000,2021-11-07 12:00:00,61811.44,15.5117611406
1636290000000,2021-11-07 13:00:00,61891.6,37.4147980449
1636293600000,2021-11-07 14:00:00,61835.32,19.7057760622
1636297200000,2021-11-07 15:00:00,61991.76,11.5218685553
1636300800000,2021-11-07 16:00:00,62093.08,27.1964412974
1636304400000,2021-11-07 17:00:00,62506.11,19.7819416186
1636308000000,2021-11-07 18:00:00,62491.16,40.0829871584
1636311600000,2021-11-07 19:00:00,62314.08,16.7350302471
1636315200000,2021-11-07 20:00:00,62690.91,31.2111844948
1636318800000,2021-11-07 21:00:00,62874.1,40.3010380665
1636322400000,2021-11-07 22:00:00,62847.97,16.7081538123
1636326000000,2021-11-07 23:00:00,63324.14,33.5316900254
1636329600000,2021-11-08 00:00:00,65014.49,198.279391159
1636333200000,2021-11-08 01:00:00,65122,111.8757923042
1636336800000,2021-11-08 02:00:00,65117.37,52.3874923939
1636340400000,2021-11-08 03:00:00,65235.2,67.3797621064
1636344000000,2021-11-08 04:00:00,65223.91,59.4360095393
1636347600000,2021-11-08 05:00:00,65486.56,32.1531001918
1636351200000,2021-11-08 06:00:00,65959.96,65.3979140407
1636354800000,2021-11-08 07:00:00,66001.29,54.6543174327
1636358400000,2021-11-08 08:00:00,66293.44,29.0362360816
1636362000000,2021-11-08 09:00:00,66118.02,32.5376832644
1636365600000,2021-11-08 10:00:00,66067.4,27.4817816212
1636369200000,2021-11-08 11:00:00,66077.56,14.0695882667
1636372800000,2021-11-08 12:00:00,65844.95,24.1951318376
1636376400000,2021-11-08 13:00:00,65418,65.3335161816
1636380000000,2021-11-08 14:00:00,65333.79,67.6735541444
1636383600000,2021-11-08 15:00:00,66419.01,95.7860499413
1636387200000,2021-11-08 16:00:00,65966.13,52.9609252034
1636390800000,2021-11-08 17:00:00,66020.9,53.4022154078
1636394400000,2021-11-08 18:00:00,65949.54,22.6714743166
1636398000000,2021-11-08 19:00:00,65841.71,24.6038303385
1636401600000,2021-11-08 20:00:00,66061.6,90.0049563016
1636405200000,2021-11-08 21:00:00,66119.38,60.2908643464
1636408800000,2021-11-08 22:00:00,66530,34.542911933
1636412400000,2021-11-08 23:00:00,67552.21,241.1199981666
1636416000000,2021-11-09 00:00:00,67658.02,55.0528543705
1636419600000,2021-11-09 01:00:00,67550.15,44.3107949352
1636423200000,2021-11-09 02:00:00,67654.83,40.8084540755
1636426800000,2021-11-09 03:00:00,68525.75,133.5516876725
1636430400000,2021-11-09 04:00:00,68306,58.9942199814
1636434000000,2021-11-09 05:00:00,68139.67,55.4474904921
1636437600000,2021-11-09 06:00:00,68054.27,33.7177994076
1636441200000,2021-11-09 07:00:00,67934.82,36.8368208436
1636444800000,2021-11-09 08:00:00,68130.65,17.5886649686
1636448400000,2021-11-09 09:00:00,68266.69,16.378532791
1636452000000,2021-11-09 10:00:00,67851.6,29.8568082043
1636455600000,2021-11-09 11:00:00,67626.1,61.5133652445
1636459200000,2021-11-09 12:00:00,67583.31,37.2944193544
1636462800000,2021-11-09 13:00:00,68101.61,35.551410218
1636466400000,2021-11-09 14:00:00,67364.31,120.8555141308
1636470000000,2021-11-09 15:00:00,66794.01,259.5960273859
1636473600000,2021-11-09 16:00:00,66687.05,71.6489376775
1636477200000,2021-11-09 17:00:00,66841.35,57.6839842679
1636480800000,2021-11-09 18:00:00,66554.84,32.9099302694
1636484400000,2021-11-09 19:00:00,66823.93,40.5477783905
1636488000000,2021-11-09 20:00:00,67358.43,50.88283017
1636491600000,2021-11-09 21:00:00,67736.19,49.6061905588
1636495200000,2021-11-09 22:00:00,67315.89,25.2299176424
1636498800000,2021-11-09 23:00:00,66948.11,19.5542792499
1636502400000,2021-11-10 00:00:00,66994.6,35.9628245967
1636506000000,2021-11-10 01:00:00,67010.58,20.8953567692
1636509600000,2021-11-10 02:00:00,66805.36,14.2582471588
1636513200000,2021-11-10 03:00:00,66491.25,46.6437562484
1636516800000,2021-11-10 04:00:00,66627.67,52.2541541297
1636520400000,2021-11-10 05:00:00,66370.53,13.9073132254
1636524000000,2021-11-10 06:00:00,66558.8,24.8739053109
1636527600000,2021-11-10 07:00:00,66479.67,22.0802593854
1636531200000,2021-11-10 08:00:00,66650,37.1187926752
1636534800000,2021-11-10 09:00:00,66689.79,38.6630769847
1636538400000,2021-11-10 10:00:00,66786.24,22.362871929
1636542000000,2021-11-10 11:00:00,66541.59,24.185389897
1636545600000,2021-11-10 12:00:00,66389.61,23.463056223
1636549200000,2021-11-10 13:00:00,67999,163.6118172038
1636552800000,2021-11-10 14:00:00,68407.04,273.2317694218
1636556400000,2021-11-10 15:00:00,68361.49,41.4962382402
1636560000000,2021-11-10 16:00:00,68542.95,66.8874798843
1636563600000,2021-11-10 17:00:00,68636.96,76.8205567303
1636567200000,2021-11-10 18:00:00,67762.62,109.8268654835
1636570800000,2021-11-10 19:00:00,66657.7,451.191175174
1636574400000,2021-11-10 20:00:00,65820.35,274.4426951523
1636578000000,2021-11-10 21:00:00,64300,441.292529644
1636581600000,2021-11-10 22:00:00,65144.01,148.7641324859
1636585200000,2021-11-10 23:00:00,64942.42,106.6037942899
1636588800000,2021-11-11 00:00:00,64986.43,75.0689541349
1636592400000,2021-11-11 01:00:00,64771.89,168.5231584054
1636596000000,2021-11-11 02:00:00,64515.89,134.3310040151
1636599600000,2021-11-11 03:00:00,64785.34,175.5776330039
1636603200000,2021-11-11 04:00:00,64647.86,76.0449375476
1636606800000,2021-11-11 05:00:00,64682.09,66.4148688845
1636610400000,2021-11-11 06:00:00,64841.15,45.799996478
1636614000000,2021-11-11 07:00:00,65242.52,46.495165698
1636617600000,2021-11-11 08:00:00,65368.58,49.8810980284
1636621200000,2021-11-11 09:00:00,65414.92,26.9175714064
1636624800000,2021-11-11 10:00:00,65273.24,17.1530699212
1636628400000,2021-11-11 11:00:00,65265.89,18.0596940072
1636632000000,2021-11-11 12:00:00,65035.61,37.4496556587
1636635600000,2021-11-11 13:00:00,64782.75,41.5757914981
1636639200000,2021-11-11 14:00:00,65205.05,74.7264593729
1636642800000,2021-11-11 15:00:00,64843.8,49.3959040995
1636646400000,2021-11-11 16:00:00,65079.26,44.9075551442
1636650000000,2021-11-11 17:00:00,64965.52,29.3647214006
1636653600000,2021-11-11 18:00:00,64790.19,29.0987019314
1636657200000,2021-11-11 19:00:00,65166.45,24.2306265988
1636660800000,2021-11-11 20:00:00,64824.51,47.0579542347
1636664400000,2021-11-11 21:00:00,65076.15,27.9306394604
1636668000000,2021-11-11 22:00:00,65201.36,11.4964490814
1636671600000,2021-11-11 23:00:00,64833.96,26.9235317185
